#SampleID	BarcodeSequence	LinkerPrimerSequence	HealthStatus	CytokineNumber	BodySite	SomeMoreData	Description
#q2:types	categorical	categorical	categorical	numeric	categorical	categorical	categorical
10A	CCGATAAAGGTT		SICK	10			
10B	GCGTGCCCGGCC		SICK	10			
10C	TAAACCTGGACA		SICK	10			
11A	CTATATTATCCG		SICK	11			
11B	CAAACTGCGTTG		SICK	11			
11C	CTGACACGAATA		SICK	11			
12A	AGCAGTGCGGTG		SICK	12			
12B	GTTGGACGAAGG		SICK	12			
12C	CAGGAACCAGGA		SICK	12			
13A	CAAAGGAGCCCG		HEALTHY	13			
13B	GCGATCACACCT		HEALTHY	13			
13C	CCAACCCAGATC		HEALTHY	13			
17A	ACCGAACAATCC		SICK	17			
17B	TCGAGAGTTTGC		SICK	17			
17C	GCTGCCCACCTA		SICK	17			
19A	GCATATGCACTG		SICK	19			
19B	GTCACTCCGAAC		SICK	19			
19C	GCATAAACGACT		SICK	19			
1A	CTACAGGGTCTC		HEALTHY	1			
1B	GTTCATTAAACT		HEALTHY	1			
1C	TTCGATGCCGCA		HEALTHY	1			
21A	CTTAGTGCAGAA		SICK	21			
21B	GTCAACGCTGTC		SICK	21			
21C	TGAGTGGTCTGT		SICK	21			
25A	TGCGGCGTCAGG		SICK	25			
25B	TTAAGTTAAGTT		SICK	25			
25C	ACGGTACCCTAC		SICK	25			
26A	CGACACGGAGAA		SICK	26			
26B	GCGTTTGCTAGC		SICK	26			
26C	CCGGCGACAGAA		SICK	26			
27A	TAACAATAATTC		SICK	27			
27B	AATGGTTCAGCA		SICK	27			
27C	AAGAACTCATGA		SICK	27			
29A	ATACATGCAAGA		SICK	29			
29B	GTTGATACGATG		SICK	29			
29C	GAAGAGGGTTGA		SICK	29			
2A	TCGTTATTCAGT		SICK	2			
2B	ACTCTGTAATTA		SICK	2			
2C	ATATGTTCTCAA		SICK	2			
30A	CGTTCTGGTGGT		SICK	30	not		
30A-28	AGCCTTCGTCGC		SICK	30	not		
30B	ATCGTAGTGGTC		SICK	30	not		
30B-28	CGTATAAATGCG		SICK	30	not		
mock	CGCTGTGGATTA				not		
30C-28	TGACTAATGGCC		SICK	30	not		
31A	ACGTGAGGAACG		HEALTHY	31			
31B	TGAGTCATTGAG		HEALTHY 	31			
31C	TCCACAGGGTTC		HEALTHY	31			
34A	AGATCGTGCCTA		SICK	34			
34B	CCTCACTAGCGA		SICK	34			
34C	TAGTTCGGTGAC		SICK	34			
35A	ACTAAAGCAAAC		SICK	35			
35B	CTTGCTCATAAT		SICK	35			
35C	GGTAGTTCATAG		SICK	35			
36A	ACCTACTTGTCT		HEALTHY 	36			
36B	GGAGAACGACAC		HEALTHY	36			
36C	AATTAATATGTA		HEALTHY	36			
37A	CTAATCAGAGTG		SICK	37			
37B	TTAATGGATCGG		SICK	37			
37C	TAGGAACTCACC		SICK	37			
38A	ACGACAACGGGC		SICK	38			
38B	CGATGAATATCG		SICK	38			
38C	ACTGTGACGTCC		SICK	38			
39A	CCTACCATTGTT		SICK	39			
39B	CATTTCGCACTT		SICK	39			
39C	CTACTCCACGAG		SICK	39			
3A	TCAGACCAACTG		HEALTHY	3			
3B	TCATTAGCGTGG		HEALTHY	3			
3C	CTTGGAGGCTTA		HEALTHY 	3			
40A	TCAAGTCCGCAC		SICK	40			
40B	GTCCGTCCTGGT		SICK	40			
40C	CTAGCGTGCGTT		SICK	40			
42A	TACAATATCTGT		HEALTHY	42			
42B	GGTTGCCCTGTA		HEALTHY	42			
42b-2	TTACTGTGGCCG		HEALTHY	42	not		
42b-3	AGGATCAGGGAA		HEALTHY	42	not		
42C	TGATATCGTCTT		HEALTHY	42			
43A	GTTCTAAGGTGA		SICK	43			
43B	CTCTGAGGTAAC		SICK	43			
43C	TCCGGCGGGCAA		SICK	43			
44A	ACATGATATTCT		HEALTHY	44			
44B	TAAGGCATCGCT		HEALTHY	44			
44C	CACACAAAGTCA		HEALTHY	44			
45A	CGAGGCGAGTCA		SICK	45			
45B	TAGTCTAAGGGT		SICK	45			
45C	ATGACTAAGATG		SICK	45			
46A	GTGGAGTCTCAT		HEALTHY	46			
46B	TGATGTGCTAAG		HEALTHY	46			
46C	TGTGCACGCCAT		HEALTHY	46			
47A	GGTGAGCAAGCA		SICK	47			
47B	TCCATACCGGAA		SICK	47			
47C	ATGCTGCAACAC		SICK	47			
48A	CGGGACACCCGA		HEALTHY	48			
48B	ACCTTACACCTT		HEALTHY	48			
48C	GTAGTAGACCAT		HEALTHY	48			
49A	GGTTCATGAACA		HEALTHY	49			
49B	TGAGTATGAGTA		HEALTHY	49			
49C	AATTTAGGTAGG		HEALTHY	49			
4A	GTGCCGGCCGAC		HEALTHY	4			
4B	AGAGGGTGATCG		HEALTHY	4			
4C	GGATACTCGCAT		HEALTHY	4			
51A	CCGGACAAGAAG		HEALTHY	51			
51B	TAAATATACCCT		HEALTHY	51			
51C	ACTCCCGTGTGA		HEALTHY	51			
52A	CATGTCTTCCAT		HEALTHY 	52			
52B	TAATCCATAATC		HEALTHY	52			
52C	GCAACGAACGAG		HEALTHY	52			
55A	AGCGCGGCGAAT		HEALTHY	55			
55B	GTCAGGTGCGGC		HEALTHY	55			
55C	TTCCAATACTCA		HEALTHY	55			
56A	GTTTGAAACACG		HEALTHY	56			
56B	TACAGCGCATAC		HEALTHY	56			
56C	AACAGTAAACAA		HEALTHY 	56			
57A	AGCCCTGCTACA		HEALTHY	57			
57B	ACTCGCTCGCTG		HEALTHY	57			
57C	CTGTCTATACTA		HEALTHY	57			
5A	TCATGGCCTCCG		HEALTHY	5			
5B	ATGTGCTGCTCG		HEALTHY	5			
5C	CCACGAGCAGGC		HEALTHY	5			
60A	TAATCTCGCCGG		HEALTHY	60			
60B	AGTAAAGATCGT		HEALTHY	60			
60C	TTGCTGGACGCT		HEALTHY	60			
61A	TTGCGGACCCTA		HEALTHY	61			
61B	CCTAACGGTCCA		HEALTHY	61			
61C	CGGTATAGCAAT		HEALTHY	61			
65A	TTCCTTAGTAGT		SICK	65			
65B	TATGCCAGAGAT		SICK	65			
65C	ATCTAGTGGCAA		SICK	65			
66A	CCTCCGTCATGG		HEALTHY	66			
66B	AGATGTCCGTCA		HEALTHY	66			
66C	TAGCAGTTGCGT		HEALTHY	66			
68A	TTGAACAAGCCA		HEALTHY	68			
68B	AACTCAATAGCG		HEALTHY	68			
68C	ACCTCAGTCAAG		HEALTHY	68			
69A	CTCGCCCTCGCC		HEALTHY	69			
69B	TACTAACGCGGT		HEALTHY	69			
69C	GTCGTCCAAATG		HEALTHY	69			
6A	CGCCGTACTTGC		SICK	6			
6B	TATCATATTACG		SICK	6			
6C	CCTTGACCGATG		SICK	6			
70A	GACTCTGCTCAG		HEALTHY	70			
70B	CGCGCCTTAAAC		HEALTHY	70			
70C	CGTCCGTATGAA		HEALTHY	70			
71A	TGACAGAATCCA		HEALTHY	71			
71B	CGGTGACCTACT		HEALTHY	71			
71C	CATATAGCCCGA		HEALTHY	71			
72A	CGTTTGGAATGA		SICK	72			
72B	ACGCTTAACGAC		SICK	72			
72C	TCTCTTTCGACA		SICK	72			
7A	AGCTCTAGAAAC		HEALTHY	7			
7B	AATGTTCAACTT		HEALTHY	7			
7C	CAATCATAGGTG		HEALTHY	7			
MOCK	TACGGATTATGG		CONTROL		not		
